{
  "nodes": {
    "plants": [
      "1",
      "2",
      "3",
      "4"
    ],
    "products": [
      "5",
      "6",
      "7",
      "8",
      "9",
      "10",
      "11"
    ]
  },
  "profits": {
    "1": {
      "5": 7.0,
      "6": 7.0,
      "7": 7.0,
      "8": 7.0,
      "9": 7.0,
      "10": 7.0,
      "11": 7.0
    },
    "2": {
      "5": 7.0,
      "6": 7.0,
      "7": 7.0,
      "8": 7.0,
      "9": 7.0,
      "10": 7.0,
      "11": 7.0
    },
    "3": {
      "5": 7.0,
      "6": 7.0,
      "7": 7.0,
      "8": 7.0,
      "9": 7.0,
      "10": 7.0,
      "11": 7.0
    },
    "4": {
      "5": 7.0,
      "6": 7.0,
      "7": 7.0,
      "8": 7.0,
      "9": 7.0,
      "10": 7.0,
      "11": 7.0
    }
  },
  "investment_costs": {
    "1": {
      "5": 100.0,
      "6": 100.0,
      "7": 100.0,
      "8": 100.0,
      "9": 100.0,
      "10": 100.0,
      "11": 100.0
    },
    "2": {
      "5": 100.0,
      "6": 100.0,
      "7": 100.0,
      "8": 100.0,
      "9": 100.0,
      "10": 100.0,
      "11": 100.0
    },
    "3": {
      "5": 100.0,
      "6": 100.0,
      "7": 100.0,
      "8": 100.0,
      "9": 100.0,
      "10": 100.0,
      "11": 100.0
    },
    "4": {
      "5": 100.0,
      "6": 100.0,
      "7": 100.0,
      "8": 100.0,
      "9": 100.0,
      "10": 100.0,
      "11": 100.0
    }
  },
  "processing_times": {
    "1": {
      "5": 1.0,
      "6": 1.0,
      "7": 1.0,
      "8": 1.0,
      "9": 1.0,
      "10": 1.0,
      "11": 1.0
    },
    "2": {
      "5": 1.0,
      "6": 1.0,
      "7": 1.0,
      "8": 1.0,
      "9": 1.0,
      "10": 1.0,
      "11": 1.0
    },
    "3": {
      "5": 1.0,
      "6": 1.0,
      "7": 1.0,
      "8": 1.0,
      "9": 1.0,
      "10": 1.0,
      "11": 1.0
    },
    "4": {
      "5": 1.0,
      "6": 1.0,
      "7": 1.0,
      "8": 1.0,
      "9": 1.0,
      "10": 1.0,
      "11": 1.0
    }
  },
  "supply_uncertainty": {
    "1": {
      "dist": "normal",
      "mean": 230.9577087285411,
      "var": 164.56148630062245,
      "mean_change": "linear",
      "var_change": "constant",
      "mean_tilt": 0.0162,
      "var_tilt": 0
    },
    "2": {
      "dist": "normal",
      "mean": 176.9730767250826,
      "var": 273.31471212888357,
      "mean_change": "linear",
      "var_change": "constant",
      "mean_tilt": 0.0162,
      "var_tilt": 0
    },
    "3": {
      "dist": "normal",
      "mean": 234.48861256460793,
      "var": 255.6903101066969,
      "mean_change": "linear",
      "var_change": "constant",
      "mean_tilt": 0.0162,
      "var_tilt": 0
    },
    "4": {
      "dist": "normal",
      "mean": 202.7345643990422,
      "var": 296.09083686548155,
      "mean_change": "linear",
      "var_change": "constant",
      "mean_tilt": 0.0162,
      "var_tilt": 0
    }
  },
  "demand_uncertainty": {
    "5": {
      "dist": "normal",
      "mean": 100.0,
      "var": 1997.7036057216799,
      "mean_change": "linear",
      "var_change": "linear",
      "mean_tilt": 1.0,
      "var_tilt": 0.3333333333333333
    },
    "6": {
      "dist": "normal",
      "mean": 100.0,
      "var": 2479.197835956176,
      "mean_change": "linear",
      "var_change": "linear",
      "mean_tilt": 1.0,
      "var_tilt": 0.3333333333333333
    },
    "7": {
      "dist": "normal",
      "mean": 100.0,
      "var": 1184.712233315338,
      "mean_change": "linear",
      "var_change": "linear",
      "mean_tilt": 1.0,
      "var_tilt": 0.3333333333333333
    },
    "8": {
      "dist": "normal",
      "mean": 100.0,
      "var": 2454.8330793331525,
      "mean_change": "linear",
      "var_change": "linear",
      "mean_tilt": 1.0,
      "var_tilt": 0.3333333333333333
    },
    "9": {
      "dist": "normal",
      "mean": 100.0,
      "var": 2343.088067608331,
      "mean_change": "linear",
      "var_change": "linear",
      "mean_tilt": 1.0,
      "var_tilt": 0.3333333333333333
    },
    "10": {
      "dist": "normal",
      "mean": 100.0,
      "var": 1213.3092281972295,
      "mean_change": "linear",
      "var_change": "linear",
      "mean_tilt": 1.0,
      "var_tilt": 0.3333333333333333
    },
    "11": {
      "dist": "normal",
      "mean": 100.0,
      "var": 1035.7332697519644,
      "mean_change": "linear",
      "var_change": "linear",
      "mean_tilt": 1.0,
      "var_tilt": 0.3333333333333333
    }
  },
  "plant_zones": {
    "1": "0",
    "2": "1",
    "3": "1",
    "4": "1"
  },
  "product_tariffs": {
    "5": {
      "0": 0.0,
      "1": 0.3
    },
    "6": {
      "0": 0.0,
      "1": 0.3
    },
    "7": {
      "0": 0.0,
      "1": 0.3
    },
    "8": {
      "0": 0.0,
      "1": 0.3
    },
    "9": {
      "0": 0.0,
      "1": 0.3
    },
    "10": {
      "0": 0.0,
      "1": 0.3
    },
    "11": {
      "0": 0.0,
      "1": 0.3
    }
  },
  "sample_size": 1000,
  "seed": 107,
  "name": "107_(4,7)_s107_9a85"
}