{
  "nodes": {
    "plants": [
      "1",
      "2",
      "3",
      "4"
    ],
    "products": [
      "5",
      "6",
      "7",
      "8",
      "9",
      "10",
      "11"
    ]
  },
  "profits": {
    "1": {
      "5": 7.0,
      "6": 7.0,
      "7": 7.0,
      "8": 7.0,
      "9": 7.0,
      "10": 7.0,
      "11": 7.0
    },
    "2": {
      "5": 7.0,
      "6": 7.0,
      "7": 7.0,
      "8": 7.0,
      "9": 7.0,
      "10": 7.0,
      "11": 7.0
    },
    "3": {
      "5": 7.0,
      "6": 7.0,
      "7": 7.0,
      "8": 7.0,
      "9": 7.0,
      "10": 7.0,
      "11": 7.0
    },
    "4": {
      "5": 7.0,
      "6": 7.0,
      "7": 7.0,
      "8": 7.0,
      "9": 7.0,
      "10": 7.0,
      "11": 7.0
    }
  },
  "investment_costs": {
    "1": {
      "5": 100.0,
      "6": 100.0,
      "7": 100.0,
      "8": 100.0,
      "9": 100.0,
      "10": 100.0,
      "11": 100.0
    },
    "2": {
      "5": 100.0,
      "6": 100.0,
      "7": 100.0,
      "8": 100.0,
      "9": 100.0,
      "10": 100.0,
      "11": 100.0
    },
    "3": {
      "5": 100.0,
      "6": 100.0,
      "7": 100.0,
      "8": 100.0,
      "9": 100.0,
      "10": 100.0,
      "11": 100.0
    },
    "4": {
      "5": 100.0,
      "6": 100.0,
      "7": 100.0,
      "8": 100.0,
      "9": 100.0,
      "10": 100.0,
      "11": 100.0
    }
  },
  "processing_times": {
    "1": {
      "5": 1.0,
      "6": 1.0,
      "7": 1.0,
      "8": 1.0,
      "9": 1.0,
      "10": 1.0,
      "11": 1.0
    },
    "2": {
      "5": 1.0,
      "6": 1.0,
      "7": 1.0,
      "8": 1.0,
      "9": 1.0,
      "10": 1.0,
      "11": 1.0
    },
    "3": {
      "5": 1.0,
      "6": 1.0,
      "7": 1.0,
      "8": 1.0,
      "9": 1.0,
      "10": 1.0,
      "11": 1.0
    },
    "4": {
      "5": 1.0,
      "6": 1.0,
      "7": 1.0,
      "8": 1.0,
      "9": 1.0,
      "10": 1.0,
      "11": 1.0
    }
  },
  "supply_uncertainty": {
    "1": {
      "dist": "normal",
      "mean": 212.42443070522702,
      "var": 188.66729652291423,
      "mean_change": "linear",
      "var_change": "constant",
      "mean_tilt": 0.0162,
      "var_tilt": 0
    },
    "2": {
      "dist": "normal",
      "mean": 195.6253550324336,
      "var": 789.1534950544946,
      "mean_change": "linear",
      "var_change": "constant",
      "mean_tilt": 0.0162,
      "var_tilt": 0
    },
    "3": {
      "dist": "normal",
      "mean": 226.48583533680267,
      "var": 646.7312593968851,
      "mean_change": "linear",
      "var_change": "constant",
      "mean_tilt": 0.0162,
      "var_tilt": 0
    },
    "4": {
      "dist": "normal",
      "mean": 189.35705814278444,
      "var": 427.5877554788262,
      "mean_change": "linear",
      "var_change": "constant",
      "mean_tilt": 0.0162,
      "var_tilt": 0
    }
  },
  "demand_uncertainty": {
    "5": {
      "dist": "normal",
      "mean": 100.0,
      "var": 1369.9365356583958,
      "mean_change": "linear",
      "var_change": "linear",
      "mean_tilt": 1.0,
      "var_tilt": 0.3333333333333333
    },
    "6": {
      "dist": "normal",
      "mean": 100.0,
      "var": 2292.111983727189,
      "mean_change": "linear",
      "var_change": "linear",
      "mean_tilt": 1.0,
      "var_tilt": 0.3333333333333333
    },
    "7": {
      "dist": "normal",
      "mean": 100.0,
      "var": 1688.8438012695963,
      "mean_change": "linear",
      "var_change": "linear",
      "mean_tilt": 1.0,
      "var_tilt": 0.3333333333333333
    },
    "8": {
      "dist": "normal",
      "mean": 100.0,
      "var": 1138.908985260364,
      "mean_change": "linear",
      "var_change": "linear",
      "mean_tilt": 1.0,
      "var_tilt": 0.3333333333333333
    },
    "9": {
      "dist": "normal",
      "mean": 100.0,
      "var": 2208.3131772021625,
      "mean_change": "linear",
      "var_change": "linear",
      "mean_tilt": 1.0,
      "var_tilt": 0.3333333333333333
    },
    "10": {
      "dist": "normal",
      "mean": 100.0,
      "var": 2308.732965963102,
      "mean_change": "linear",
      "var_change": "linear",
      "mean_tilt": 1.0,
      "var_tilt": 0.3333333333333333
    },
    "11": {
      "dist": "normal",
      "mean": 100.0,
      "var": 2282.4633850816153,
      "mean_change": "linear",
      "var_change": "linear",
      "mean_tilt": 1.0,
      "var_tilt": 0.3333333333333333
    }
  },
  "plant_zones": {
    "1": "1",
    "2": "0",
    "3": "0",
    "4": "0"
  },
  "product_tariffs": {
    "5": {
      "0": 0.0,
      "1": 0.3
    },
    "6": {
      "0": 0.0,
      "1": 0.3
    },
    "7": {
      "0": 0.0,
      "1": 0.3
    },
    "8": {
      "0": 0.0,
      "1": 0.3
    },
    "9": {
      "0": 0.0,
      "1": 0.3
    },
    "10": {
      "0": 0.0,
      "1": 0.3
    },
    "11": {
      "0": 0.0,
      "1": 0.3
    }
  },
  "sample_size": 1000,
  "seed": 108,
  "name": "108_(4,7)_s108_ee63"
}