{
  "nodes": {
    "plants": [
      "1",
      "2"
    ],
    "products": [
      "3",
      "4",
      "5"
    ]
  },
  "profits": {
    "1": {
      "3": 7.0,
      "4": 7.0,
      "5": 7.0
    },
    "2": {
      "3": 7.0,
      "4": 7.0,
      "5": 7.0
    }
  },
  "investment_costs": {
    "1": {
      "3": 100.0,
      "4": 100.0,
      "5": 100.0
    },
    "2": {
      "3": 100.0,
      "4": 100.0,
      "5": 100.0
    }
  },
  "processing_times": {
    "1": {
      "3": 1.0,
      "4": 1.0,
      "5": 1.0
    },
    "2": {
      "3": 1.0,
      "4": 1.0,
      "5": 1.0
    }
  },
  "supply_uncertainty": {
    "1": {
      "dist": "normal",
      "mean": 177.36456555100025,
      "var": 138.52589956331516,
      "mean_change": "linear",
      "var_change": "constant",
      "mean_tilt": 0.0162,
      "var_tilt": 0
    },
    "2": {
      "dist": "normal",
      "mean": 173.4072667817396,
      "var": 192.13353819938018,
      "mean_change": "linear",
      "var_change": "constant",
      "mean_tilt": 0.0162,
      "var_tilt": 0
    }
  },
  "demand_uncertainty": {
    "3": {
      "dist": "normal",
      "mean": 100.0,
      "var": 1366.1592098958843,
      "mean_change": "linear",
      "var_change": "linear",
      "mean_tilt": 1.0,
      "var_tilt": 0.3333333333333333
    },
    "4": {
      "dist": "normal",
      "mean": 100.0,
      "var": 2216.619678752886,
      "mean_change": "linear",
      "var_change": "linear",
      "mean_tilt": 1.0,
      "var_tilt": 0.3333333333333333
    },
    "5": {
      "dist": "normal",
      "mean": 100.0,
      "var": 1928.3057502698514,
      "mean_change": "linear",
      "var_change": "linear",
      "mean_tilt": 1.0,
      "var_tilt": 0.3333333333333333
    }
  },
  "plant_zones": {
    "1": "1",
    "2": "0"
  },
  "product_tariffs": {
    "3": {
      "0": 0.0,
      "1": 0.3
    },
    "4": {
      "0": 0.0,
      "1": 0.3
    },
    "5": {
      "0": 0.0,
      "1": 0.3
    }
  },
  "sample_size": 1000,
  "seed": 16,
  "name": "16_(2,3)_s16_b624"
}