{
  "nodes": {
    "plants": [
      "1",
      "2"
    ],
    "products": [
      "3",
      "4",
      "5",
      "6"
    ]
  },
  "profits": {
    "1": {
      "3": 7.0,
      "4": 7.0,
      "5": 7.0,
      "6": 7.0
    },
    "2": {
      "3": 7.0,
      "4": 7.0,
      "5": 7.0,
      "6": 7.0
    }
  },
  "investment_costs": {
    "1": {
      "3": 100.0,
      "4": 100.0,
      "5": 100.0,
      "6": 100.0
    },
    "2": {
      "3": 100.0,
      "4": 100.0,
      "5": 100.0,
      "6": 100.0
    }
  },
  "processing_times": {
    "1": {
      "3": 1.0,
      "4": 1.0,
      "5": 1.0,
      "6": 1.0
    },
    "2": {
      "3": 1.0,
      "4": 1.0,
      "5": 1.0,
      "6": 1.0
    }
  },
  "supply_uncertainty": {
    "1": {
      "dist": "normal",
      "mean": 229.7056558134401,
      "var": 214.71383993825935,
      "mean_change": "linear",
      "var_change": "constant",
      "mean_tilt": 0.0162,
      "var_tilt": 0
    },
    "2": {
      "dist": "normal",
      "mean": 268.5699066468376,
      "var": 915.1858631428717,
      "mean_change": "linear",
      "var_change": "constant",
      "mean_tilt": 0.0162,
      "var_tilt": 0
    }
  },
  "demand_uncertainty": {
    "3": {
      "dist": "normal",
      "mean": 100.0,
      "var": 1395.8133817654282,
      "mean_change": "linear",
      "var_change": "linear",
      "mean_tilt": 1.0,
      "var_tilt": 0.3333333333333333
    },
    "4": {
      "dist": "normal",
      "mean": 100.0,
      "var": 2092.0273637571418,
      "mean_change": "linear",
      "var_change": "linear",
      "mean_tilt": 1.0,
      "var_tilt": 0.3333333333333333
    },
    "5": {
      "dist": "normal",
      "mean": 100.0,
      "var": 2336.442818503214,
      "mean_change": "linear",
      "var_change": "linear",
      "mean_tilt": 1.0,
      "var_tilt": 0.3333333333333333
    },
    "6": {
      "dist": "normal",
      "mean": 100.0,
      "var": 1667.4622002130577,
      "mean_change": "linear",
      "var_change": "linear",
      "mean_tilt": 1.0,
      "var_tilt": 0.3333333333333333
    }
  },
  "plant_zones": {
    "1": "1",
    "2": "0"
  },
  "product_tariffs": {
    "3": {
      "0": 0.0,
      "1": 0.3
    },
    "4": {
      "0": 0.0,
      "1": 0.3
    },
    "5": {
      "0": 0.0,
      "1": 0.3
    },
    "6": {
      "0": 0.0,
      "1": 0.3
    }
  },
  "sample_size": 1000,
  "seed": 25,
  "name": "25_(2,4)_s25_226c"
}