{
  "nodes": {
    "plants": [
      "1",
      "2"
    ],
    "products": [
      "3",
      "4",
      "5",
      "6"
    ]
  },
  "profits": {
    "1": {
      "3": 7.0,
      "4": 7.0,
      "5": 7.0,
      "6": 7.0
    },
    "2": {
      "3": 7.0,
      "4": 7.0,
      "5": 7.0,
      "6": 7.0
    }
  },
  "investment_costs": {
    "1": {
      "3": 100.0,
      "4": 100.0,
      "5": 100.0,
      "6": 100.0
    },
    "2": {
      "3": 100.0,
      "4": 100.0,
      "5": 100.0,
      "6": 100.0
    }
  },
  "processing_times": {
    "1": {
      "3": 1.0,
      "4": 1.0,
      "5": 1.0,
      "6": 1.0
    },
    "2": {
      "3": 1.0,
      "4": 1.0,
      "5": 1.0,
      "6": 1.0
    }
  },
  "supply_uncertainty": {
    "1": {
      "dist": "normal",
      "mean": 194.89486635045802,
      "var": 270.6141564006314,
      "mean_change": "linear",
      "var_change": "constant",
      "mean_tilt": 0.0162,
      "var_tilt": 0
    },
    "2": {
      "dist": "normal",
      "mean": 259.1456458369771,
      "var": 1023.9954776624869,
      "mean_change": "linear",
      "var_change": "constant",
      "mean_tilt": 0.0162,
      "var_tilt": 0
    }
  },
  "demand_uncertainty": {
    "3": {
      "dist": "normal",
      "mean": 100.0,
      "var": 939.0530210193194,
      "mean_change": "linear",
      "var_change": "linear",
      "mean_tilt": 1.0,
      "var_tilt": 0.3333333333333333
    },
    "4": {
      "dist": "normal",
      "mean": 100.0,
      "var": 2402.724149649853,
      "mean_change": "linear",
      "var_change": "linear",
      "mean_tilt": 1.0,
      "var_tilt": 0.3333333333333333
    },
    "5": {
      "dist": "normal",
      "mean": 100.0,
      "var": 2149.4040747328036,
      "mean_change": "linear",
      "var_change": "linear",
      "mean_tilt": 1.0,
      "var_tilt": 0.3333333333333333
    },
    "6": {
      "dist": "normal",
      "mean": 100.0,
      "var": 1359.7035937395826,
      "mean_change": "linear",
      "var_change": "linear",
      "mean_tilt": 1.0,
      "var_tilt": 0.3333333333333333
    }
  },
  "plant_zones": {
    "1": "0",
    "2": "1"
  },
  "product_tariffs": {
    "3": {
      "0": 0.0,
      "1": 0.3
    },
    "4": {
      "0": 0.0,
      "1": 0.3
    },
    "5": {
      "0": 0.0,
      "1": 0.3
    },
    "6": {
      "0": 0.0,
      "1": 0.3
    }
  },
  "sample_size": 1000,
  "seed": 28,
  "name": "28_(2,4)_s28_1d2b"
}