{
  "nodes": {
    "plants": [
      "1",
      "2",
      "3"
    ],
    "products": [
      "4",
      "5",
      "6"
    ]
  },
  "profits": {
    "1": {
      "4": 7.0,
      "5": 7.0,
      "6": 7.0
    },
    "2": {
      "4": 7.0,
      "5": 7.0,
      "6": 7.0
    },
    "3": {
      "4": 7.0,
      "5": 7.0,
      "6": 7.0
    }
  },
  "investment_costs": {
    "1": {
      "4": 100.0,
      "5": 100.0,
      "6": 100.0
    },
    "2": {
      "4": 100.0,
      "5": 100.0,
      "6": 100.0
    },
    "3": {
      "4": 100.0,
      "5": 100.0,
      "6": 100.0
    }
  },
  "processing_times": {
    "1": {
      "4": 1.0,
      "5": 1.0,
      "6": 1.0
    },
    "2": {
      "4": 1.0,
      "5": 1.0,
      "6": 1.0
    },
    "3": {
      "4": 1.0,
      "5": 1.0,
      "6": 1.0
    }
  },
  "supply_uncertainty": {
    "1": {
      "dist": "normal",
      "mean": 116.58835705010621,
      "var": 87.47920898823885,
      "mean_change": "linear",
      "var_change": "constant",
      "mean_tilt": 0.0162,
      "var_tilt": 0
    },
    "2": {
      "dist": "normal",
      "mean": 131.98143434675143,
      "var": 180.37715732390154,
      "mean_change": "linear",
      "var_change": "constant",
      "mean_tilt": 0.0162,
      "var_tilt": 0
    },
    "3": {
      "dist": "normal",
      "mean": 114.13946964211684,
      "var": 290.94483254561777,
      "mean_change": "linear",
      "var_change": "constant",
      "mean_tilt": 0.0162,
      "var_tilt": 0
    }
  },
  "demand_uncertainty": {
    "4": {
      "dist": "normal",
      "mean": 100.0,
      "var": 1556.373046834685,
      "mean_change": "linear",
      "var_change": "linear",
      "mean_tilt": 1.0,
      "var_tilt": 0.3333333333333333
    },
    "5": {
      "dist": "normal",
      "mean": 100.0,
      "var": 1124.3013231024897,
      "mean_change": "linear",
      "var_change": "linear",
      "mean_tilt": 1.0,
      "var_tilt": 0.3333333333333333
    },
    "6": {
      "dist": "normal",
      "mean": 100.0,
      "var": 2467.765549406238,
      "mean_change": "linear",
      "var_change": "linear",
      "mean_tilt": 1.0,
      "var_tilt": 0.3333333333333333
    }
  },
  "plant_zones": {
    "1": "1",
    "2": "0",
    "3": "0"
  },
  "product_tariffs": {
    "4": {
      "0": 0.0,
      "1": 0.3
    },
    "5": {
      "0": 0.0,
      "1": 0.3
    },
    "6": {
      "0": 0.0,
      "1": 0.3
    }
  },
  "sample_size": 1000,
  "seed": 31,
  "name": "31_(3,3)_s31_c2c5"
}