{
  "nodes": {
    "plants": [
      "1",
      "2",
      "3"
    ],
    "products": [
      "4",
      "5",
      "6",
      "7"
    ]
  },
  "profits": {
    "1": {
      "4": 7.0,
      "5": 7.0,
      "6": 7.0,
      "7": 7.0
    },
    "2": {
      "4": 7.0,
      "5": 7.0,
      "6": 7.0,
      "7": 7.0
    },
    "3": {
      "4": 7.0,
      "5": 7.0,
      "6": 7.0,
      "7": 7.0
    }
  },
  "investment_costs": {
    "1": {
      "4": 100.0,
      "5": 100.0,
      "6": 100.0,
      "7": 100.0
    },
    "2": {
      "4": 100.0,
      "5": 100.0,
      "6": 100.0,
      "7": 100.0
    },
    "3": {
      "4": 100.0,
      "5": 100.0,
      "6": 100.0,
      "7": 100.0
    }
  },
  "processing_times": {
    "1": {
      "4": 1.0,
      "5": 1.0,
      "6": 1.0,
      "7": 1.0
    },
    "2": {
      "4": 1.0,
      "5": 1.0,
      "6": 1.0,
      "7": 1.0
    },
    "3": {
      "4": 1.0,
      "5": 1.0,
      "6": 1.0,
      "7": 1.0
    }
  },
  "supply_uncertainty": {
    "1": {
      "dist": "normal",
      "mean": 162.47587674163955,
      "var": 83.2295866836724,
      "mean_change": "linear",
      "var_change": "constant",
      "mean_tilt": 0.0162,
      "var_tilt": 0
    },
    "2": {
      "dist": "normal",
      "mean": 167.75273818159764,
      "var": 595.1414371667864,
      "mean_change": "linear",
      "var_change": "constant",
      "mean_tilt": 0.0162,
      "var_tilt": 0
    },
    "3": {
      "dist": "normal",
      "mean": 161.4152054446768,
      "var": 373.3493977860427,
      "mean_change": "linear",
      "var_change": "constant",
      "mean_tilt": 0.0162,
      "var_tilt": 0
    }
  },
  "demand_uncertainty": {
    "4": {
      "dist": "normal",
      "mean": 100.0,
      "var": 1028.7735882876527,
      "mean_change": "linear",
      "var_change": "linear",
      "mean_tilt": 1.0,
      "var_tilt": 0.3333333333333333
    },
    "5": {
      "dist": "normal",
      "mean": 100.0,
      "var": 2223.611357689791,
      "mean_change": "linear",
      "var_change": "linear",
      "mean_tilt": 1.0,
      "var_tilt": 0.3333333333333333
    },
    "6": {
      "dist": "normal",
      "mean": 100.0,
      "var": 2103.0996467446985,
      "mean_change": "linear",
      "var_change": "linear",
      "mean_tilt": 1.0,
      "var_tilt": 0.3333333333333333
    },
    "7": {
      "dist": "normal",
      "mean": 100.0,
      "var": 1495.6620528300239,
      "mean_change": "linear",
      "var_change": "linear",
      "mean_tilt": 1.0,
      "var_tilt": 0.3333333333333333
    }
  },
  "plant_zones": {
    "1": "1",
    "2": "0",
    "3": "0"
  },
  "product_tariffs": {
    "4": {
      "0": 0.0,
      "1": 0.3
    },
    "5": {
      "0": 0.0,
      "1": 0.3
    },
    "6": {
      "0": 0.0,
      "1": 0.3
    },
    "7": {
      "0": 0.0,
      "1": 0.3
    }
  },
  "sample_size": 1000,
  "seed": 47,
  "name": "47_(3,4)_s47_f1e4"
}