{
  "nodes": {
    "plants": [
      "1",
      "2",
      "3"
    ],
    "products": [
      "4",
      "5",
      "6",
      "7",
      "8"
    ]
  },
  "profits": {
    "1": {
      "4": 7.0,
      "5": 7.0,
      "6": 7.0,
      "7": 7.0,
      "8": 7.0
    },
    "2": {
      "4": 7.0,
      "5": 7.0,
      "6": 7.0,
      "7": 7.0,
      "8": 7.0
    },
    "3": {
      "4": 7.0,
      "5": 7.0,
      "6": 7.0,
      "7": 7.0,
      "8": 7.0
    }
  },
  "investment_costs": {
    "1": {
      "4": 100.0,
      "5": 100.0,
      "6": 100.0,
      "7": 100.0,
      "8": 100.0
    },
    "2": {
      "4": 100.0,
      "5": 100.0,
      "6": 100.0,
      "7": 100.0,
      "8": 100.0
    },
    "3": {
      "4": 100.0,
      "5": 100.0,
      "6": 100.0,
      "7": 100.0,
      "8": 100.0
    }
  },
  "processing_times": {
    "1": {
      "4": 1.0,
      "5": 1.0,
      "6": 1.0,
      "7": 1.0,
      "8": 1.0
    },
    "2": {
      "4": 1.0,
      "5": 1.0,
      "6": 1.0,
      "7": 1.0,
      "8": 1.0
    },
    "3": {
      "4": 1.0,
      "5": 1.0,
      "6": 1.0,
      "7": 1.0,
      "8": 1.0
    }
  },
  "supply_uncertainty": {
    "1": {
      "dist": "normal",
      "mean": 207.2467757583169,
      "var": 202.89915262800454,
      "mean_change": "linear",
      "var_change": "constant",
      "mean_tilt": 0.0162,
      "var_tilt": 0
    },
    "2": {
      "dist": "normal",
      "mean": 211.86283580544497,
      "var": 273.10112153477786,
      "mean_change": "linear",
      "var_change": "constant",
      "mean_tilt": 0.0162,
      "var_tilt": 0
    },
    "3": {
      "dist": "normal",
      "mean": 183.09822434036704,
      "var": 319.06297956261346,
      "mean_change": "linear",
      "var_change": "constant",
      "mean_tilt": 0.0162,
      "var_tilt": 0
    }
  },
  "demand_uncertainty": {
    "4": {
      "dist": "normal",
      "mean": 100.0,
      "var": 907.6837803000321,
      "mean_change": "linear",
      "var_change": "linear",
      "mean_tilt": 1.0,
      "var_tilt": 0.3333333333333333
    },
    "5": {
      "dist": "normal",
      "mean": 100.0,
      "var": 919.1052143934717,
      "mean_change": "linear",
      "var_change": "linear",
      "mean_tilt": 1.0,
      "var_tilt": 0.3333333333333333
    },
    "6": {
      "dist": "normal",
      "mean": 100.0,
      "var": 1558.3338697957968,
      "mean_change": "linear",
      "var_change": "linear",
      "mean_tilt": 1.0,
      "var_tilt": 0.3333333333333333
    },
    "7": {
      "dist": "normal",
      "mean": 100.0,
      "var": 979.0089640722772,
      "mean_change": "linear",
      "var_change": "linear",
      "mean_tilt": 1.0,
      "var_tilt": 0.3333333333333333
    },
    "8": {
      "dist": "normal",
      "mean": 100.0,
      "var": 989.1206814359772,
      "mean_change": "linear",
      "var_change": "linear",
      "mean_tilt": 1.0,
      "var_tilt": 0.3333333333333333
    }
  },
  "plant_zones": {
    "1": "0",
    "2": "0",
    "3": "1"
  },
  "product_tariffs": {
    "4": {
      "0": 0.0,
      "1": 0.3
    },
    "5": {
      "0": 0.0,
      "1": 0.3
    },
    "6": {
      "0": 0.0,
      "1": 0.3
    },
    "7": {
      "0": 0.0,
      "1": 0.3
    },
    "8": {
      "0": 0.0,
      "1": 0.3
    }
  },
  "sample_size": 1000,
  "seed": 52,
  "name": "52_(3,5)_s52_4e55"
}