{
  "nodes": {
    "plants": [
      "1",
      "2",
      "3"
    ],
    "products": [
      "4",
      "5",
      "6",
      "7",
      "8"
    ]
  },
  "profits": {
    "1": {
      "4": 7.0,
      "5": 7.0,
      "6": 7.0,
      "7": 7.0,
      "8": 7.0
    },
    "2": {
      "4": 7.0,
      "5": 7.0,
      "6": 7.0,
      "7": 7.0,
      "8": 7.0
    },
    "3": {
      "4": 7.0,
      "5": 7.0,
      "6": 7.0,
      "7": 7.0,
      "8": 7.0
    }
  },
  "investment_costs": {
    "1": {
      "4": 100.0,
      "5": 100.0,
      "6": 100.0,
      "7": 100.0,
      "8": 100.0
    },
    "2": {
      "4": 100.0,
      "5": 100.0,
      "6": 100.0,
      "7": 100.0,
      "8": 100.0
    },
    "3": {
      "4": 100.0,
      "5": 100.0,
      "6": 100.0,
      "7": 100.0,
      "8": 100.0
    }
  },
  "processing_times": {
    "1": {
      "4": 1.0,
      "5": 1.0,
      "6": 1.0,
      "7": 1.0,
      "8": 1.0
    },
    "2": {
      "4": 1.0,
      "5": 1.0,
      "6": 1.0,
      "7": 1.0,
      "8": 1.0
    },
    "3": {
      "4": 1.0,
      "5": 1.0,
      "6": 1.0,
      "7": 1.0,
      "8": 1.0
    }
  },
  "supply_uncertainty": {
    "1": {
      "dist": "normal",
      "mean": 126.93792894939153,
      "var": 273.89350638387947,
      "mean_change": "linear",
      "var_change": "constant",
      "mean_tilt": 0.0162,
      "var_tilt": 0
    },
    "2": {
      "dist": "normal",
      "mean": 179.03793935908857,
      "var": 232.54608552809304,
      "mean_change": "linear",
      "var_change": "constant",
      "mean_tilt": 0.0162,
      "var_tilt": 0
    },
    "3": {
      "dist": "normal",
      "mean": 313.3773485376197,
      "var": 2160.1121460697896,
      "mean_change": "linear",
      "var_change": "constant",
      "mean_tilt": 0.0162,
      "var_tilt": 0
    }
  },
  "demand_uncertainty": {
    "4": {
      "dist": "normal",
      "mean": 100.0,
      "var": 2367.968178014514,
      "mean_change": "linear",
      "var_change": "linear",
      "mean_tilt": 1.0,
      "var_tilt": 0.3333333333333333
    },
    "5": {
      "dist": "normal",
      "mean": 100.0,
      "var": 1921.1862082994667,
      "mean_change": "linear",
      "var_change": "linear",
      "mean_tilt": 1.0,
      "var_tilt": 0.3333333333333333
    },
    "6": {
      "dist": "normal",
      "mean": 100.0,
      "var": 1297.8960951793147,
      "mean_change": "linear",
      "var_change": "linear",
      "mean_tilt": 1.0,
      "var_tilt": 0.3333333333333333
    },
    "7": {
      "dist": "normal",
      "mean": 100.0,
      "var": 2080.4513189710487,
      "mean_change": "linear",
      "var_change": "linear",
      "mean_tilt": 1.0,
      "var_tilt": 0.3333333333333333
    },
    "8": {
      "dist": "normal",
      "mean": 100.0,
      "var": 2126.4411930811734,
      "mean_change": "linear",
      "var_change": "linear",
      "mean_tilt": 1.0,
      "var_tilt": 0.3333333333333333
    }
  },
  "plant_zones": {
    "1": "0",
    "2": "1",
    "3": "1"
  },
  "product_tariffs": {
    "4": {
      "0": 0.0,
      "1": 0.3
    },
    "5": {
      "0": 0.0,
      "1": 0.3
    },
    "6": {
      "0": 0.0,
      "1": 0.3
    },
    "7": {
      "0": 0.0,
      "1": 0.3
    },
    "8": {
      "0": 0.0,
      "1": 0.3
    }
  },
  "sample_size": 1000,
  "seed": 53,
  "name": "53_(3,5)_s53_8e43"
}