{
  "nodes": {
    "plants": [
      "1",
      "2",
      "3"
    ],
    "products": [
      "4",
      "5",
      "6",
      "7",
      "8"
    ]
  },
  "profits": {
    "1": {
      "4": 7.0,
      "5": 7.0,
      "6": 7.0,
      "7": 7.0,
      "8": 7.0
    },
    "2": {
      "4": 7.0,
      "5": 7.0,
      "6": 7.0,
      "7": 7.0,
      "8": 7.0
    },
    "3": {
      "4": 7.0,
      "5": 7.0,
      "6": 7.0,
      "7": 7.0,
      "8": 7.0
    }
  },
  "investment_costs": {
    "1": {
      "4": 100.0,
      "5": 100.0,
      "6": 100.0,
      "7": 100.0,
      "8": 100.0
    },
    "2": {
      "4": 100.0,
      "5": 100.0,
      "6": 100.0,
      "7": 100.0,
      "8": 100.0
    },
    "3": {
      "4": 100.0,
      "5": 100.0,
      "6": 100.0,
      "7": 100.0,
      "8": 100.0
    }
  },
  "processing_times": {
    "1": {
      "4": 1.0,
      "5": 1.0,
      "6": 1.0,
      "7": 1.0,
      "8": 1.0
    },
    "2": {
      "4": 1.0,
      "5": 1.0,
      "6": 1.0,
      "7": 1.0,
      "8": 1.0
    },
    "3": {
      "4": 1.0,
      "5": 1.0,
      "6": 1.0,
      "7": 1.0,
      "8": 1.0
    }
  },
  "supply_uncertainty": {
    "1": {
      "dist": "normal",
      "mean": 201.58747721228065,
      "var": 568.4021572970307,
      "mean_change": "linear",
      "var_change": "constant",
      "mean_tilt": 0.0162,
      "var_tilt": 0
    },
    "2": {
      "dist": "normal",
      "mean": 196.27043708865997,
      "var": 603.0641940111626,
      "mean_change": "linear",
      "var_change": "constant",
      "mean_tilt": 0.0162,
      "var_tilt": 0
    },
    "3": {
      "dist": "normal",
      "mean": 201.919379879418,
      "var": 402.6705778915005,
      "mean_change": "linear",
      "var_change": "constant",
      "mean_tilt": 0.0162,
      "var_tilt": 0
    }
  },
  "demand_uncertainty": {
    "4": {
      "dist": "normal",
      "mean": 100.0,
      "var": 1354.7107980788205,
      "mean_change": "linear",
      "var_change": "linear",
      "mean_tilt": 1.0,
      "var_tilt": 0.3333333333333333
    },
    "5": {
      "dist": "normal",
      "mean": 100.0,
      "var": 1982.634913270656,
      "mean_change": "linear",
      "var_change": "linear",
      "mean_tilt": 1.0,
      "var_tilt": 0.3333333333333333
    },
    "6": {
      "dist": "normal",
      "mean": 100.0,
      "var": 1572.1630604684453,
      "mean_change": "linear",
      "var_change": "linear",
      "mean_tilt": 1.0,
      "var_tilt": 0.3333333333333333
    },
    "7": {
      "dist": "normal",
      "mean": 100.0,
      "var": 1840.4770708233666,
      "mean_change": "linear",
      "var_change": "linear",
      "mean_tilt": 1.0,
      "var_tilt": 0.3333333333333333
    },
    "8": {
      "dist": "normal",
      "mean": 100.0,
      "var": 1588.971213352952,
      "mean_change": "linear",
      "var_change": "linear",
      "mean_tilt": 1.0,
      "var_tilt": 0.3333333333333333
    }
  },
  "plant_zones": {
    "1": "0",
    "2": "1",
    "3": "1"
  },
  "product_tariffs": {
    "4": {
      "0": 0.0,
      "1": 0.3
    },
    "5": {
      "0": 0.0,
      "1": 0.3
    },
    "6": {
      "0": 0.0,
      "1": 0.3
    },
    "7": {
      "0": 0.0,
      "1": 0.3
    },
    "8": {
      "0": 0.0,
      "1": 0.3
    }
  },
  "sample_size": 1000,
  "seed": 57,
  "name": "57_(3,5)_s57_85ad"
}