{
  "nodes": {
    "plants": [
      "1",
      "2",
      "3",
      "4"
    ],
    "products": [
      "5",
      "6",
      "7",
      "8"
    ]
  },
  "profits": {
    "1": {
      "5": 7.0,
      "6": 7.0,
      "7": 7.0,
      "8": 7.0
    },
    "2": {
      "5": 7.0,
      "6": 7.0,
      "7": 7.0,
      "8": 7.0
    },
    "3": {
      "5": 7.0,
      "6": 7.0,
      "7": 7.0,
      "8": 7.0
    },
    "4": {
      "5": 7.0,
      "6": 7.0,
      "7": 7.0,
      "8": 7.0
    }
  },
  "investment_costs": {
    "1": {
      "5": 100.0,
      "6": 100.0,
      "7": 100.0,
      "8": 100.0
    },
    "2": {
      "5": 100.0,
      "6": 100.0,
      "7": 100.0,
      "8": 100.0
    },
    "3": {
      "5": 100.0,
      "6": 100.0,
      "7": 100.0,
      "8": 100.0
    },
    "4": {
      "5": 100.0,
      "6": 100.0,
      "7": 100.0,
      "8": 100.0
    }
  },
  "processing_times": {
    "1": {
      "5": 1.0,
      "6": 1.0,
      "7": 1.0,
      "8": 1.0
    },
    "2": {
      "5": 1.0,
      "6": 1.0,
      "7": 1.0,
      "8": 1.0
    },
    "3": {
      "5": 1.0,
      "6": 1.0,
      "7": 1.0,
      "8": 1.0
    },
    "4": {
      "5": 1.0,
      "6": 1.0,
      "7": 1.0,
      "8": 1.0
    }
  },
  "supply_uncertainty": {
    "1": {
      "dist": "normal",
      "mean": 128.5477786872235,
      "var": 119.33510252013465,
      "mean_change": "linear",
      "var_change": "constant",
      "mean_tilt": 0.0162,
      "var_tilt": 0
    },
    "2": {
      "dist": "normal",
      "mean": 118.0176660683614,
      "var": 136.15613086312138,
      "mean_change": "linear",
      "var_change": "constant",
      "mean_tilt": 0.0162,
      "var_tilt": 0
    },
    "3": {
      "dist": "normal",
      "mean": 114.03038643552468,
      "var": 58.00323331932742,
      "mean_change": "linear",
      "var_change": "constant",
      "mean_tilt": 0.0162,
      "var_tilt": 0
    },
    "4": {
      "dist": "normal",
      "mean": 117.21302080353746,
      "var": 182.42808946004058,
      "mean_change": "linear",
      "var_change": "constant",
      "mean_tilt": 0.0162,
      "var_tilt": 0
    }
  },
  "demand_uncertainty": {
    "5": {
      "dist": "normal",
      "mean": 100.0,
      "var": 1755.119350563334,
      "mean_change": "linear",
      "var_change": "linear",
      "mean_tilt": 1.0,
      "var_tilt": 0.3333333333333333
    },
    "6": {
      "dist": "normal",
      "mean": 100.0,
      "var": 2071.2052743845907,
      "mean_change": "linear",
      "var_change": "linear",
      "mean_tilt": 1.0,
      "var_tilt": 0.3333333333333333
    },
    "7": {
      "dist": "normal",
      "mean": 100.0,
      "var": 1299.0142833768464,
      "mean_change": "linear",
      "var_change": "linear",
      "mean_tilt": 1.0,
      "var_tilt": 0.3333333333333333
    },
    "8": {
      "dist": "normal",
      "mean": 100.0,
      "var": 1294.8879785524143,
      "mean_change": "linear",
      "var_change": "linear",
      "mean_tilt": 1.0,
      "var_tilt": 0.3333333333333333
    }
  },
  "plant_zones": {
    "1": "0",
    "2": "0",
    "3": "1",
    "4": "1"
  },
  "product_tariffs": {
    "5": {
      "0": 0.0,
      "1": 0.3
    },
    "6": {
      "0": 0.0,
      "1": 0.3
    },
    "7": {
      "0": 0.0,
      "1": 0.3
    },
    "8": {
      "0": 0.0,
      "1": 0.3
    }
  },
  "sample_size": 1000,
  "seed": 80,
  "name": "80_(4,4)_s80_cc6c"
}