{
  "nodes": {
    "plants": [
      "1",
      "2",
      "3",
      "4"
    ],
    "products": [
      "5",
      "6",
      "7",
      "8",
      "9"
    ]
  },
  "profits": {
    "1": {
      "5": 7.0,
      "6": 7.0,
      "7": 7.0,
      "8": 7.0,
      "9": 7.0
    },
    "2": {
      "5": 7.0,
      "6": 7.0,
      "7": 7.0,
      "8": 7.0,
      "9": 7.0
    },
    "3": {
      "5": 7.0,
      "6": 7.0,
      "7": 7.0,
      "8": 7.0,
      "9": 7.0
    },
    "4": {
      "5": 7.0,
      "6": 7.0,
      "7": 7.0,
      "8": 7.0,
      "9": 7.0
    }
  },
  "investment_costs": {
    "1": {
      "5": 100.0,
      "6": 100.0,
      "7": 100.0,
      "8": 100.0,
      "9": 100.0
    },
    "2": {
      "5": 100.0,
      "6": 100.0,
      "7": 100.0,
      "8": 100.0,
      "9": 100.0
    },
    "3": {
      "5": 100.0,
      "6": 100.0,
      "7": 100.0,
      "8": 100.0,
      "9": 100.0
    },
    "4": {
      "5": 100.0,
      "6": 100.0,
      "7": 100.0,
      "8": 100.0,
      "9": 100.0
    }
  },
  "processing_times": {
    "1": {
      "5": 1.0,
      "6": 1.0,
      "7": 1.0,
      "8": 1.0,
      "9": 1.0
    },
    "2": {
      "5": 1.0,
      "6": 1.0,
      "7": 1.0,
      "8": 1.0,
      "9": 1.0
    },
    "3": {
      "5": 1.0,
      "6": 1.0,
      "7": 1.0,
      "8": 1.0,
      "9": 1.0
    },
    "4": {
      "5": 1.0,
      "6": 1.0,
      "7": 1.0,
      "8": 1.0,
      "9": 1.0
    }
  },
  "supply_uncertainty": {
    "1": {
      "dist": "normal",
      "mean": 186.5277374058212,
      "var": 386.4451845753232,
      "mean_change": "linear",
      "var_change": "constant",
      "mean_tilt": 0.0162,
      "var_tilt": 0
    },
    "2": {
      "dist": "normal",
      "mean": 131.99774602902443,
      "var": 216.1547246526174,
      "mean_change": "linear",
      "var_change": "constant",
      "mean_tilt": 0.0162,
      "var_tilt": 0
    },
    "3": {
      "dist": "normal",
      "mean": 166.01346605650332,
      "var": 154.59587491024504,
      "mean_change": "linear",
      "var_change": "constant",
      "mean_tilt": 0.0162,
      "var_tilt": 0
    },
    "4": {
      "dist": "normal",
      "mean": 133.6087589868852,
      "var": 187.7397752270791,
      "mean_change": "linear",
      "var_change": "constant",
      "mean_tilt": 0.0162,
      "var_tilt": 0
    }
  },
  "demand_uncertainty": {
    "5": {
      "dist": "normal",
      "mean": 100.0,
      "var": 923.74781549571,
      "mean_change": "linear",
      "var_change": "linear",
      "mean_tilt": 1.0,
      "var_tilt": 0.3333333333333333
    },
    "6": {
      "dist": "normal",
      "mean": 100.0,
      "var": 1868.080292080337,
      "mean_change": "linear",
      "var_change": "linear",
      "mean_tilt": 1.0,
      "var_tilt": 0.3333333333333333
    },
    "7": {
      "dist": "normal",
      "mean": 100.0,
      "var": 2395.128881893616,
      "mean_change": "linear",
      "var_change": "linear",
      "mean_tilt": 1.0,
      "var_tilt": 0.3333333333333333
    },
    "8": {
      "dist": "normal",
      "mean": 100.0,
      "var": 1090.0091951647403,
      "mean_change": "linear",
      "var_change": "linear",
      "mean_tilt": 1.0,
      "var_tilt": 0.3333333333333333
    },
    "9": {
      "dist": "normal",
      "mean": 100.0,
      "var": 1304.6410569711907,
      "mean_change": "linear",
      "var_change": "linear",
      "mean_tilt": 1.0,
      "var_tilt": 0.3333333333333333
    }
  },
  "plant_zones": {
    "1": "1",
    "2": "1",
    "3": "0",
    "4": "0"
  },
  "product_tariffs": {
    "5": {
      "0": 0.0,
      "1": 0.3
    },
    "6": {
      "0": 0.0,
      "1": 0.3
    },
    "7": {
      "0": 0.0,
      "1": 0.3
    },
    "8": {
      "0": 0.0,
      "1": 0.3
    },
    "9": {
      "0": 0.0,
      "1": 0.3
    }
  },
  "sample_size": 1000,
  "seed": 89,
  "name": "89_(4,5)_s89_e340"
}