{
  "nodes": {
    "plants": [
      "1",
      "2",
      "3",
      "4"
    ],
    "products": [
      "5",
      "6",
      "7",
      "8",
      "9",
      "10"
    ]
  },
  "profits": {
    "1": {
      "5": 7.0,
      "6": 7.0,
      "7": 7.0,
      "8": 7.0,
      "9": 7.0,
      "10": 7.0
    },
    "2": {
      "5": 7.0,
      "6": 7.0,
      "7": 7.0,
      "8": 7.0,
      "9": 7.0,
      "10": 7.0
    },
    "3": {
      "5": 7.0,
      "6": 7.0,
      "7": 7.0,
      "8": 7.0,
      "9": 7.0,
      "10": 7.0
    },
    "4": {
      "5": 7.0,
      "6": 7.0,
      "7": 7.0,
      "8": 7.0,
      "9": 7.0,
      "10": 7.0
    }
  },
  "investment_costs": {
    "1": {
      "5": 100.0,
      "6": 100.0,
      "7": 100.0,
      "8": 100.0,
      "9": 100.0,
      "10": 100.0
    },
    "2": {
      "5": 100.0,
      "6": 100.0,
      "7": 100.0,
      "8": 100.0,
      "9": 100.0,
      "10": 100.0
    },
    "3": {
      "5": 100.0,
      "6": 100.0,
      "7": 100.0,
      "8": 100.0,
      "9": 100.0,
      "10": 100.0
    },
    "4": {
      "5": 100.0,
      "6": 100.0,
      "7": 100.0,
      "8": 100.0,
      "9": 100.0,
      "10": 100.0
    }
  },
  "processing_times": {
    "1": {
      "5": 1.0,
      "6": 1.0,
      "7": 1.0,
      "8": 1.0,
      "9": 1.0,
      "10": 1.0
    },
    "2": {
      "5": 1.0,
      "6": 1.0,
      "7": 1.0,
      "8": 1.0,
      "9": 1.0,
      "10": 1.0
    },
    "3": {
      "5": 1.0,
      "6": 1.0,
      "7": 1.0,
      "8": 1.0,
      "9": 1.0,
      "10": 1.0
    },
    "4": {
      "5": 1.0,
      "6": 1.0,
      "7": 1.0,
      "8": 1.0,
      "9": 1.0,
      "10": 1.0
    }
  },
  "supply_uncertainty": {
    "1": {
      "dist": "normal",
      "mean": 131.73219415416827,
      "var": 95.30947684724728,
      "mean_change": "linear",
      "var_change": "constant",
      "mean_tilt": 0.0162,
      "var_tilt": 0
    },
    "2": {
      "dist": "normal",
      "mean": 160.0341478336983,
      "var": 388.7113755088363,
      "mean_change": "linear",
      "var_change": "constant",
      "mean_tilt": 0.0162,
      "var_tilt": 0
    },
    "3": {
      "dist": "normal",
      "mean": 210.78900635902903,
      "var": 325.9930946336425,
      "mean_change": "linear",
      "var_change": "constant",
      "mean_tilt": 0.0162,
      "var_tilt": 0
    },
    "4": {
      "dist": "normal",
      "mean": 202.27679542414708,
      "var": 133.51094615452848,
      "mean_change": "linear",
      "var_change": "constant",
      "mean_tilt": 0.0162,
      "var_tilt": 0
    }
  },
  "demand_uncertainty": {
    "5": {
      "dist": "normal",
      "mean": 100.0,
      "var": 2457.0976944796375,
      "mean_change": "linear",
      "var_change": "linear",
      "mean_tilt": 1.0,
      "var_tilt": 0.3333333333333333
    },
    "6": {
      "dist": "normal",
      "mean": 100.0,
      "var": 959.6610131762833,
      "mean_change": "linear",
      "var_change": "linear",
      "mean_tilt": 1.0,
      "var_tilt": 0.3333333333333333
    },
    "7": {
      "dist": "normal",
      "mean": 100.0,
      "var": 1114.261221077391,
      "mean_change": "linear",
      "var_change": "linear",
      "mean_tilt": 1.0,
      "var_tilt": 0.3333333333333333
    },
    "8": {
      "dist": "normal",
      "mean": 100.0,
      "var": 2394.6452937597796,
      "mean_change": "linear",
      "var_change": "linear",
      "mean_tilt": 1.0,
      "var_tilt": 0.3333333333333333
    },
    "9": {
      "dist": "normal",
      "mean": 100.0,
      "var": 1407.8596743452104,
      "mean_change": "linear",
      "var_change": "linear",
      "mean_tilt": 1.0,
      "var_tilt": 0.3333333333333333
    },
    "10": {
      "dist": "normal",
      "mean": 100.0,
      "var": 955.066402601198,
      "mean_change": "linear",
      "var_change": "linear",
      "mean_tilt": 1.0,
      "var_tilt": 0.3333333333333333
    }
  },
  "plant_zones": {
    "1": "1",
    "2": "1",
    "3": "1",
    "4": "0"
  },
  "product_tariffs": {
    "5": {
      "0": 0.0,
      "1": 0.3
    },
    "6": {
      "0": 0.0,
      "1": 0.3
    },
    "7": {
      "0": 0.0,
      "1": 0.3
    },
    "8": {
      "0": 0.0,
      "1": 0.3
    },
    "9": {
      "0": 0.0,
      "1": 0.3
    },
    "10": {
      "0": 0.0,
      "1": 0.3
    }
  },
  "sample_size": 1000,
  "seed": 97,
  "name": "97_(4,6)_s97_6b66"
}